Fabiano Corsetti <fabiano.corsetti@gmail.com>   <fabiano.corsetti08@imperial.ac.uk>
Micael Oliveira <micael.oliveira@mpsd.mpg.de>   <micael@fis.uc.pt>
Micael Oliveira <micael.oliveira@mpsd.mpg.de>   <micaeljtoliveira@gmail.com>
Micael Oliveira <micael.oliveira@mpsd.mpg.de>   <mjt.oliveira@ulg.ac.be>
Micael Oliveira <micael.oliveira@mpsd.mpg.de>   micael <>
Yann Pouillon <devops@materialsevolution.es>   <notifications@materialsevolution.es>
Yann Pouillon <devops@materialsevolution.es>   <yann.pouillon@ehu.eus>
Yann Pouillon <devops@materialsevolution.es>   <yann.pouillon@gmail.com>
Yann Pouillon <devops@materialsevolution.es>   pouillon <>
